url_path,views_total,views_unique
/marcelcastrobr/my_ml_notes/tree/main/docs,15,1
/marcelcastrobr/my_ml_notes,13,1
/marcelcastrobr/my_ml_notes/actions,12,1
/marcelcastrobr/my_ml_notes/tree/main/.github/workflows,8,1
/marcelcastrobr/my_ml_notes/blob/main/.github/workflows/static2.yml,7,1
/marcelcastrobr/my_ml_notes/blob/main/images/readme.svg,5,1
/marcelcastrobr/my_ml_notes/blob/main/docs/Business_LLM.md,4,1
/marcelcastrobr/my_ml_notes/blob/main/docs/Large_Language_Models.md,4,1
/marcelcastrobr/my_ml_notes/actions/workflows/static2.yml,3,1
/marcelcastrobr/my_ml_notes/tree/main,3,1
